<?xml version="1.0" encoding="UTF-8"?>
<mule xmlns:context="http://www.springframework.org/schema/context" xmlns:validation="http://www.mulesoft.org/schema/mule/validation" xmlns:metadata="http://www.mulesoft.org/schema/mule/metadata" xmlns:dw="http://www.mulesoft.org/schema/mule/ee/dw" xmlns:db="http://www.mulesoft.org/schema/mule/db"  xmlns="http://www.mulesoft.org/schema/mule/core" xmlns:batch="http://www.mulesoft.org/schema/mule/batch" xmlns:doc="http://www.mulesoft.org/schema/mule/documentation" xmlns:sfdc="http://www.mulesoft.org/schema/mule/sfdc" xmlns:spring="http://www.springframework.org/schema/beans" xmlns:tracking="http://www.mulesoft.org/schema/mule/ee/tracking" xmlns:xsi="http://www.w3.org/2001/XMLSchema-instance" xsi:schemaLocation="http://www.springframework.org/schema/beans http://www.springframework.org/schema/beans/spring-beans-current.xsd
http://www.mulesoft.org/schema/mule/core http://www.mulesoft.org/schema/mule/core/current/mule.xsd
http://www.mulesoft.org/schema/mule/ee/tracking http://www.mulesoft.org/schema/mule/ee/tracking/current/mule-tracking-ee.xsd
http://www.mulesoft.org/schema/mule/sfdc http://www.mulesoft.org/schema/mule/sfdc/current/mule-sfdc.xsd
http://www.mulesoft.org/schema/mule/batch http://www.mulesoft.org/schema/mule/batch/current/mule-batch.xsd
http://www.mulesoft.org/schema/mule/db http://www.mulesoft.org/schema/mule/db/current/mule-db.xsd
http://www.mulesoft.org/schema/mule/ee/dw http://www.mulesoft.org/schema/mule/ee/dw/current/dw.xsd
http://www.mulesoft.org/schema/mule/validation http://www.mulesoft.org/schema/mule/validation/current/mule-validation.xsd
http://www.springframework.org/schema/context http://www.springframework.org/schema/context/spring-context-current.xsd">
    <context:property-placeholder location="salesforcesync-local.properties"/>
    
    <batch:job name="watermarkingBatch" max-failed-records="-1">
        <batch:threading-profile poolExhaustedAction="WAIT"/>
        <batch:input>
            <poll doc:name="Poll">
                <fixed-frequency-scheduler frequency="${polling.frequency}"/>
                <watermark variable="timestamp" default-expression="YESTERDAY" selector="MAX" selector-expression="#[payload.LastModifiedDate]"/>
                <sfdc:query config-ref="Salesforce__Basic_Authentication" query="dsql:SELECT AccountNumber,BillingCity,BillingState,Description,Industry,LastModifiedDate,Name,Phone,Website FROM Account WHERE LastModifiedDate &gt; #[flowVars.timestamp]" doc:name="Query Salesforce"/>
            </poll>
        </batch:input>
        <batch:process-records>
            <batch:step name="Pulling_New_Or_Updated_Account_Info">
                <logger doc:name="Log each account" level="INFO" message="Account recently modified: #[payload]"/>
            </batch:step>
            <batch:step name="Required_Field_Checks">
                <flow-ref name="validationsCheck_subflow" doc:name="Validations check"/>
            </batch:step>
            <batch:step name="Formatting_Account_Info">
                <dw:transform-message doc:name="Transform Message" metadata:id="9a9215a3-80c4-450d-ab39-d3c2574d1c10">
                    <dw:input-payload mimeType="application/java"/>
                    <dw:set-payload><![CDATA[%dw 1.0
%output application/java
---
{
	Id: flowVars.id,
	CompanyName: payload.Name,
	BillingState: payload.BillingState,
	Phone: payload.Phone,
	Website: payload.Website,
	Fax: payload.Fax,
	Industry: payload.Industry,
	Description: payload.Description
}]]></dw:set-payload>
                </dw:transform-message>
            </batch:step>
            <batch:step name="Storing_Account_In_DB">
                <db:insert config-ref="Generic_Database_Configuration" doc:name="Copy_of_Copy_of_Mssql">
                    <db:parameterized-query><![CDATA[INSERT INTO Company (CompanyName,BillingAddress,Phone,Fax,Industry,Description,Website)
VALUES(#[payload.CompanyName],#[payload.BillingState],#[payload.Phone],#[payload.Fax],#[payload.Industry],#[payload.Description],#[payload.Website]);]]></db:parameterized-query>
                </db:insert>
            </batch:step>
            <batch:step name="Track_Metadata">
                <tracking:custom-event event-name="Account has been updated/added" doc:name="Custom Business Event">
                    <tracking:meta-data key="AccountNumber" value="#[message.payload.AccountNumber]"/>
                    <tracking:meta-data key="Account info" value="#[payload]"/>
                </tracking:custom-event>
            </batch:step>
            <batch:step name="Exceptions" accept-policy="ONLY_FAILURES">
                <logger message="#[payload]" level="ERROR" doc:name="Logger"/>
                <tracking:custom-event event-name="Failed Accounts to process " doc:name="Custom Business Event">
                    <tracking:meta-data key="CompanyDescription" value="#[message.payload.Description]"/>
                    <tracking:meta-data key="CompanyBillState" value="#[message.payload.BillingState]"/>
                    <tracking:meta-data key="CompanyName" value="#[message.payload.Name]"/>
                    <tracking:meta-data key="CompanyIndustry" value="#[message.payload.Industry]"/>
                    <tracking:meta-data key="Payload_Id" value="#[payload.Id]"/>
                    <tracking:meta-data key="CompanyPhone" value="#[message.payload.Phone]"/>
                    <tracking:meta-data key="CompanyWebsite" value="#[message.payload.Website]"/>
                </tracking:custom-event>
            </batch:step>
        </batch:process-records>
    </batch:job>
    <sub-flow name="validationsCheck_subflow">
        <validation:matches-regex message="Company Name has a unknown character " value="#[payload.Name]" regex="^[a-zA-Z0-9\&quot;\'\!\s]+$" doc:name="Check Company Name "/>
        <validation:matches-regex message="Billing State contains a character that is not a letter " value="#[payload.BillingState]" regex="^[a-zA-Z]+$" doc:name="Check Company Billing State"/>
        <validation:matches-regex message="Phone number contains non numeric characters " value="#[payload.Phone]" regex="^[a-zA-Z0-9\(\)\-\s]+$" doc:name="Checking Company Phone Number "/>
        <validation:matches-regex message="Company Industry has non Alphabetical characters " value="#[payload.Industry]" regex="^[a-zA-Z]+$" doc:name="Checking Company Industry"/>
        <validation:matches-regex message="Company Description contains invalid characters " value="#[payload.Description]" regex="^[a-zA-Z0-9\&quot;\'\!\s]+$" doc:name="Checking Company Description"/>
        <validation:matches-regex message="Website is invalid " value="#[payload.Website]" regex="^[(https?|ftp|file)://[-a-zA-Z0-9+&amp;@#/%?=~_|!:,.;]*[-a-zA-Z0-9+&amp;@#/%=~_|]]+$" doc:name="Checking Company Website"/>
    </sub-flow>
</mule>